<?xml version="1.0" encoding="UTF-8" standalone="yes"?>
<addon id="Jerman" name="JermanBuild" version="1.1" provider-name="Jmo335">
    <extension point="xbmc.addon.repository" name="Example Repository">
        <dir>
            <info compressed="false">https://raw.githubusercontent.com/Jmo335/projects/repository/zips/addons.xml</info>
            <checksum>https://raw.githubusercontent.com/Jmo335/projects/repository/zips/addons.xml.md5</checksum>
            <datadir zip="true">https://raw.githubusercontent.com/Jmo335/projects/repository/zips/</datadir>
        </dir>
    </extension>
    <extension point="xbmc.addon.metadata">
        <summary>projects</summary>
        <description>REPO</description>
        <disclaimer></disclaimer>
        <platform>all</platform>
        <assets>
            <icon>icon.png</icon>
            <fanart>fanart.jpg</fanart>
        </assets>
    </extension>
</addon>